Day,Currency,Clicks,Cost,Conversions,Cost / conv.
03/07/2017,GBP,56,85.96,0,0
04/07/2017,GBP,136,183.02,4,91.52
05/07/2017,GBP,376,580.32,32,36.28
06/07/2017,GBP,390,588.56,8,147.14
07/07/2017,GBP,372,532.2,36,29.56
08/07/2017,GBP,330,465.18,20,46.52
09/07/2017,GBP,328,480.3,20,48.04
10/07/2017,GBP,778,1158.06,22,105.28
11/07/2017,GBP,742,1067.12,64,33.34
12/07/2017,GBP,658,1366.68,80,34.16
13/07/2017,GBP,662,1704.56,86,39.64
14/07/2017,GBP,610,1633.46,70,46.68
15/07/2017,GBP,612,1680.52,66,50.92
16/07/2017,GBP,606,1610.94,86,37.46
17/07/2017,GBP,630,1666.88,60,55.56
18/07/2017,GBP,694,2636.82,72,73.24
19/07/2017,GBP,984,3610.52,148,48.8
20/07/2017,GBP,804,3159.7,100,63.2
21/07/2017,GBP,784,2577.44,106,48.64
22/07/2017,GBP,732,2319.8,120,38.66
23/07/2017,GBP,726,2317.72,108,42.92
24/07/2017,GBP,790,2682.16,90,59.6
25/07/2017,GBP,924,3164.36,146,43.34
26/07/2017,GBP,110,358.14,8,89.54
27/07/2017,GBP,996,3261.04,166,39.28
28/07/2017,GBP,892,3038.1,140,43.4
29/07/2017,GBP,1074,3436.8,148,46.44
30/07/2017,GBP,1004,3168.22,160,39.6
31/07/2017,GBP,1366,4370.94,200,43.7
01/08/2017,GBP,668,2064.32,108,38.22
02/08/2017,GBP,742,1779.62,150,23.72
03/08/2017,GBP,892,1982,164,24.18
04/08/2017,GBP,696,1778.96,122,29.16
05/08/2017,GBP,720,2029.76,136,29.84
06/08/2017,GBP,606,1902.36,100,38.04
07/08/2017,GBP,460,1416.38,84,33.72
08/08/2017,GBP,488,1416.98,72,39.36
09/08/2017,GBP,1234,3181.74,178,35.74
10/08/2017,GBP,1470,4315.8,226,38.2
11/08/2017,GBP,1648,5087.56,264,38.54
12/08/2017,GBP,1788,5760.42,180,64
13/08/2017,GBP,1448,3910.16,140,55.86
14/08/2017,GBP,1746,4699.12,178,52.8
15/08/2017,GBP,1624,4445.1,190,46.8
16/08/2017,GBP,1204,3746.36,146,51.32
17/08/2017,GBP,1212,3524.56,204,34.56
18/08/2017,GBP,1140,3429.1,208,32.98
19/08/2017,GBP,1044,3074.82,150,41
20/08/2017,GBP,950,2895.32,172,33.66
21/08/2017,GBP,1162,3626.86,204,35.56
22/08/2017,GBP,1106,3327.7,178,37.38
23/08/2017,GBP,1026,3280.34,180,36.44
24/08/2017,GBP,1110,3637.46,178,40.88
25/08/2017,GBP,1266,3981.02,222,35.86
26/08/2017,GBP,942,3081.14,164,37.58
27/08/2017,GBP,734,2381.66,102,46.7
28/08/2017,GBP,1030,3691.88,154,47.94
29/08/2017,GBP,1078,3429.46,172,39.88
30/08/2017,GBP,1420,4344.96,272,31.94
31/08/2017,GBP,1452,4176.06,188,44.42
01/09/2017,GBP,1042,3331.34,162,41.12
02/09/2017,GBP,1092,3123.74,158,39.54
03/09/2017,GBP,1082,3244.32,196,33.1
04/09/2017,GBP,838,2575.1,158,32.6
05/09/2017,GBP,8986,2988.18,242,24.7
06/09/2017,GBP,25726,2446.88,334,14.66
07/09/2017,GBP,18196,2337.22,342,13.66
08/09/2017,GBP,11214,3507.38,626,11.2
09/09/2017,GBP,13872,3464.94,678,10.22
10/09/2017,GBP,14618,2516.28,602,8.36
11/09/2017,GBP,19238,2275.48,586,7.76
12/09/2017,GBP,18112,2030.3,542,7.5
13/09/2017,GBP,11176,2120.16,432,9.82
14/09/2017,GBP,14302,2068.02,532,7.78
15/09/2017,GBP,11496,1971.32,720,5.48
16/09/2017,GBP,15248,1955.24,866,4.52
17/09/2017,GBP,15584,2001.84,860,4.66
18/09/2017,GBP,15210,2097.34,898,4.68
19/09/2017,GBP,13568,1944.76,886,4.38
20/09/2017,GBP,9494,1338.46,730,3.66
21/09/2017,GBP,11162,1537,620,4.96
22/09/2017,GBP,4458,1647.3,314,10.5
23/09/2017,GBP,9164,1563.86,682,4.58
24/09/2017,GBP,8042,1605.46,650,4.94
25/09/2017,GBP,13418,2455.66,800,6.14
26/09/2017,GBP,18582,3226.22,1034,6.24
27/09/2017,GBP,11400,2171.22,810,5.36
28/09/2017,GBP,15356,2614.56,1084,4.82
29/09/2017,GBP,26516,3952.86,1694,4.66
30/09/2017,GBP,33742,4763.34,2216,4.3
01/10/2017,GBP,38024,4685.3,2394,3.92
02/10/2017,GBP,10646,1855.04,880,4.22
03/10/2017,GBP,9646,1838.42,842,4.36
04/10/2017,GBP,8836,1804.62,708,5.1
05/10/2017,GBP,7778,1784.54,664,5.38
06/10/2017,GBP,34336,4951.38,1864,5.32
07/10/2017,GBP,17454,2752.74,1274,4.32
08/10/2017,GBP,12240,2023.08,890,4.54
09/10/2017,GBP,6614,1404.28,582,4.82
10/10/2017,GBP,12852,2178.78,852,5.12
11/10/2017,GBP,12590,2133.92,870,4.9
12/10/2017,GBP,11802,2078.18,856,4.86
13/10/2017,GBP,11150,1916.72,786,4.88
14/10/2017,GBP,11404,1910.96,810,4.72
15/10/2017,GBP,12182,1879.86,784,4.8
16/10/2017,GBP,11040,2078.34,956,4.34
17/10/2017,GBP,9864,1925.96,900,4.28
18/10/2017,GBP,11490,1917.1,968,3.96
19/10/2017,GBP,10258,1951.86,952,4.1
20/10/2017,GBP,9998,1912.1,908,4.22
21/10/2017,GBP,10758,1919.42,908,4.22
22/10/2017,GBP,10166,1910,912,4.18
23/10/2017,GBP,10510,1808.62,866,4.18
24/10/2017,GBP,7882,1771.22,744,4.76
25/10/2017,GBP,10840,2138.62,892,4.8
26/10/2017,GBP,10370,1946.16,820,4.74
27/10/2017,GBP,11974,2243.84,884,5.08
28/10/2017,GBP,12900,1857.94,938,3.96
29/10/2017,GBP,12212,1869.64,788,4.74
30/10/2017,GBP,9168,1760.28,900,3.92
31/10/2017,GBP,8610,1895.92,712,5.32
01/11/2017,GBP,8608,1796.3,748,4.8
02/11/2017,GBP,7582,1663.58,810,4.1
03/11/2017,GBP,9206,1936.02,774,5
04/11/2017,GBP,12096,1803.84,960,3.76
05/11/2017,GBP,11012,1797.14,922,3.9
06/11/2017,GBP,8994,1800.64,796,4.52
07/11/2017,GBP,7778,1990.38,594,6.7
08/11/2017,GBP,9874,1996.14,828,4.82
09/11/2017,GBP,9050,2007.32,732,5.48
10/11/2017,GBP,10896,2007,838,4.78
11/11/2017,GBP,12642,2005.38,792,4.92
12/11/2017,GBP,13858,2007.94,912,4.36
13/11/2017,GBP,9916,1815.72,698,5.16
14/11/2017,GBP,10276,2867.72,796,7.12
15/11/2017,GBP,6972,2040.6,750,5.2
16/11/2017,GBP,8932,2362.16,728,6.48
17/11/2017,GBP,12356,2799.96,968,5.56
18/11/2017,GBP,13146,2445.94,820,5.78
19/11/2017,GBP,13432,2426.86,732,6.36
20/11/2017,GBP,5264,1140.96,614,3.72
21/11/2017,GBP,14400,2472.88,938,5.28
22/11/2017,GBP,9310,1771.32,746,4.74
23/11/2017,GBP,9084,1836.48,702,5.24
24/11/2017,GBP,7558,1454.12,582,5
25/11/2017,GBP,15182,2603.22,1060,4.92
26/11/2017,GBP,14762,3093.1,916,6.76
27/11/2017,GBP,16672,3722.96,1094,6.8
28/11/2017,GBP,5202,1278.74,440,5.82
29/11/2017,GBP,5872,2077.68,440,9.44
30/11/2017,GBP,4626,3485.76,282,24.72
01/12/2017,GBP,3618,2874.68,70,82.14
02/12/2017,GBP,1812,1280.7,2,1280.7
03/12/2017,GBP,1794,1303.56,0,0
04/12/2017,GBP,1380,1420.42,8,355.1
05/12/2017,GBP,1518,1325.12,4,658.56
06/12/2017,GBP,1420,1371,8,317.34
07/12/2017,GBP,4830,2631.88,96,54.46
08/12/2017,GBP,4408,2589.58,118,43.62
09/12/2017,GBP,3800,2357.52,110,42.66
10/12/2017,GBP,3226,2454.86,120,40.82
11/12/2017,GBP,3282,2738.76,150,36.4
12/12/2017,GBP,3298,2687.22,168,31.8
13/12/2017,GBP,2416,2539.58,152,33.34
14/12/2017,GBP,4752,3206.42,282,22.7
15/12/2017,GBP,5452,2924.7,240,24.04
16/12/2017,GBP,6666,2792.62,294,18.76
17/12/2017,GBP,6072,2813.02,360,15.58
18/12/2017,GBP,10344,3961.1,524,15.02
19/12/2017,GBP,12496,3844.54,698,10.98
20/12/2017,GBP,7630,2013.52,492,8.16
21/12/2017,GBP,10076,2266.94,528,8.52
22/12/2017,GBP,4340,1194.92,250,9.52
23/12/2017,GBP,2240,773.48,196,7.72
24/12/2017,GBP,1238,546.36,146,7.46
25/12/2017,GBP,1392,584.56,118,9.82
26/12/2017,GBP,1348,591.3,152,7.66
27/12/2017,GBP,1574,661.84,206,6.06
28/12/2017,GBP,4576,1388.02,334,8.26
29/12/2017,GBP,6216,1744.18,406,8.58
30/12/2017,GBP,8000,2113.92,540,7.8
31/12/2017,GBP,10776,2683,610,8.74
01/01/2018,GBP,24098,4095.78,942,8.7
02/01/2018,GBP,11290,2536,600,8.44
03/01/2018,GBP,10724,2791.22,664,8.4
04/01/2018,GBP,8740,2451.32,614,7.92
05/01/2018,GBP,8292,2647.1,712,7.36
06/01/2018,GBP,10820,2387.7,706,6.76
07/01/2018,GBP,7192,2411.5,632,7.64
08/01/2018,GBP,8388,2142.78,630,6.8
09/01/2018,GBP,11500,2790.26,664,8.4
10/01/2018,GBP,9480,2455.14,768,6.4
11/01/2018,GBP,8006,2442.2,672,7.26
12/01/2018,GBP,9656,2108.12,656,6.42
13/01/2018,GBP,8384,1987.52,680,5.84
14/01/2018,GBP,10056,1987.2,678,5.86
15/01/2018,GBP,9726,1900.32,740,5.14
16/01/2018,GBP,11684,2153.64,820,5.26
17/01/2018,GBP,11102,1853.22,782,4.74
18/01/2018,GBP,11204,2186.02,786,5.56
19/01/2018,GBP,12830,1899.34,726,5.24
20/01/2018,GBP,9814,2044.2,704,5.8
21/01/2018,GBP,11374,1975.68,776,5.1
22/01/2018,GBP,9818,1717.52,650,5.28
23/01/2018,GBP,11920,2316.96,752,6.16
24/01/2018,GBP,9356,1537.08,632,4.86
25/01/2018,GBP,12716,2626.48,838,6.26
26/01/2018,GBP,9794,2019.6,736,5.48
27/01/2018,GBP,9272,2668.2,864,6.16
28/01/2018,GBP,12962,2353.28,860,5.38
29/01/2018,GBP,23432,5029.14,1330,7.46
30/01/2018,GBP,24658,4750.1,1260,7.54
31/01/2018,GBP,19824,5147.16,1220,8.3
01/02/2018,GBP,14544,2579.08,816,6.2
02/02/2018,GBP,10018,2525.34,778,6.36
03/02/2018,GBP,11352,2533.64,860,5.74
04/02/2018,GBP,11214,2527.26,816,6.08
05/02/2018,GBP,15110,2657.64,596,8.72
06/02/2018,GBP,14728,2649.76,1010,5.14
07/02/2018,GBP,17008,2367.66,776,6
08/02/2018,GBP,18072,3551.08,1002,7.04
09/02/2018,GBP,17508,2892.92,866,6.68
10/02/2018,GBP,17154,3882.72,1130,6.88
11/02/2018,GBP,23412,3224.02,1204,5.36
12/02/2018,GBP,19650,3331.04,1052,6.34
13/02/2018,GBP,20846,3085.46,986,6.26
14/02/2018,GBP,15806,3120.54,780,8
15/02/2018,GBP,16652,2350.72,984,4.78
16/02/2018,GBP,14928,2868.62,710,8.08
17/02/2018,GBP,25802,3915.1,1084,7.22
18/02/2018,GBP,22084,3495.98,1016,6.88
19/02/2018,GBP,16636,3456.6,952,7.26
20/02/2018,GBP,12472,3393.84,800,8.48
21/02/2018,GBP,12696,4257.14,910,9.36
22/02/2018,GBP,13908,3724.9,756,9.86
23/02/2018,GBP,19098,4524.04,970,9.32
24/02/2018,GBP,21998,4071.2,1084,7.52
25/02/2018,GBP,18668,3817.58,966,7.9
26/02/2018,GBP,14696,3146.7,862,7.3
27/02/2018,GBP,16724,3640,934,7.8
28/02/2018,GBP,15694,3484.62,902,7.72
01/03/2018,GBP,9934,2728.5,658,8.3
02/03/2018,GBP,14336,2976.02,750,7.94
03/03/2018,GBP,13914,2891.36,892,6.48
04/03/2018,GBP,13840,2893.92,850,6.8
05/03/2018,GBP,13262,2818.56,902,6.24
06/03/2018,GBP,10974,3150.08,718,8.78
07/03/2018,GBP,10766,2485.04,638,7.8
08/03/2018,GBP,8884,3169.1,712,8.9
09/03/2018,GBP,13384,3226.72,850,7.6
10/03/2018,GBP,11804,3025.78,898,6.74
11/03/2018,GBP,10448,2907.22,784,7.42
12/03/2018,GBP,8350,2804.08,648,8.66
13/03/2018,GBP,12842,3297.62,814,8.1
14/03/2018,GBP,8780,3067.6,630,9.56
15/03/2018,GBP,14996,3998.26,838,9.5
16/03/2018,GBP,9992,4224.8,620,13.58
17/03/2018,GBP,13142,5116.62,770,13.26
18/03/2018,GBP,11278,4847.22,814,11.88
19/03/2018,GBP,11084,3917.42,816,9.58
20/03/2018,GBP,11176,3967.24,766,10.32
21/03/2018,GBP,7176,2541.78,650,7.78
22/03/2018,GBP,10198,4063.5,768,10.56
23/03/2018,GBP,10146,3901.54,794,9.8
24/03/2018,GBP,7642,3381.78,800,8.42
25/03/2018,GBP,7380,3358.34,746,8.98
26/03/2018,GBP,8746,3669.36,752,9.74
27/03/2018,GBP,9520,4157.84,758,10.94
28/03/2018,GBP,8416,4052.9,888,9.1
29/03/2018,GBP,8292,3931.84,776,10.1
30/03/2018,GBP,7626,3844.72,766,10.02
31/03/2018,GBP,10270,3910.64,898,8.7
01/04/2018,GBP,12072,3664.12,736,9.94
02/04/2018,GBP,7264,3400.12,804,8.42
03/04/2018,GBP,8396,3201.96,538,11.86
04/04/2018,GBP,5340,2990.24,444,13.42
05/04/2018,GBP,5488,2949.62,452,13
06/04/2018,GBP,3006,2878.24,338,16.98
07/04/2018,GBP,4234,2267.8,432,10.44
08/04/2018,GBP,6120,3581.62,548,13
09/04/2018,GBP,5326,2800.2,526,10.6
10/04/2018,GBP,6060,3302.54,454,14.5
11/04/2018,GBP,3908,2675.06,522,10.22
12/04/2018,GBP,4140,3000.56,382,15.64
13/04/2018,GBP,5612,2994.44,540,11.06
14/04/2018,GBP,4772,2870.08,476,12.02
15/04/2018,GBP,6078,2810.2,634,8.82
16/04/2018,GBP,5380,2953.5,496,11.84
17/04/2018,GBP,4786,2945.46,470,12.5
18/04/2018,GBP,3660,2776.3,494,11.2
19/04/2018,GBP,4010,2857.04,392,14.54
20/04/2018,GBP,3854,2723.78,430,12.64
21/04/2018,GBP,4562,2720.12,456,11.9
22/04/2018,GBP,3366,2720.1,472,11.5
23/04/2018,GBP,2730,1755.74,386,9.06
24/04/2018,GBP,3250,3502.78,400,17.48
25/04/2018,GBP,4614,2807.14,468,11.96
26/04/2018,GBP,3282,2866.44,458,12.48
27/04/2018,GBP,10146,3383.56,356,19
28/04/2018,GBP,15642,3924.26,340,23.06
29/04/2018,GBP,5910,3290.96,396,16.6
30/04/2018,GBP,5114,3148.58,528,11.92
01/05/2018,GBP,11020,3659.78,390,18.74
02/05/2018,GBP,7828,3008.22,480,12.52
03/05/2018,GBP,5170,2801.84,430,13.02
04/05/2018,GBP,7824,3157.9,416,15.18
05/05/2018,GBP,9122,3480.96,404,17.22
06/05/2018,GBP,5162,2261.24,366,12.36
07/05/2018,GBP,8254,3897.44,580,13.44
08/05/2018,GBP,5110,5143.62,508,20.24
09/05/2018,GBP,3350,3011.66,408,14.76
10/05/2018,GBP,3000,2788.72,454,12.28
11/05/2018,GBP,3124,2767.46,364,15.2
12/05/2018,GBP,3476,2792.96,358,15.6
13/05/2018,GBP,4580,2944.7,424,13.88
14/05/2018,GBP,8316,2656.54,508,10.46
15/05/2018,GBP,15448,5584,590,18.92
16/05/2018,GBP,16222,4464.02,652,13.7
17/05/2018,GBP,7414,3866.42,498,15.52
18/05/2018,GBP,12480,3801.84,708,10.74
19/05/2018,GBP,9810,3826.12,578,13.24
20/05/2018,GBP,8956,3814.86,652,11.7
21/05/2018,GBP,9628,4891.24,856,11.42
22/05/2018,GBP,8546,4634.42,892,10.4
23/05/2018,GBP,7030,4129.58,686,12.04
24/05/2018,GBP,8714,5365.64,824,13.02
25/05/2018,GBP,10746,7741.52,948,16.34
26/05/2018,GBP,8616,6013.02,792,15.18
27/05/2018,GBP,10336,4995.3,828,12.06
28/05/2018,GBP,10838,5442.88,832,13.08
29/05/2018,GBP,8932,5156.16,766,13.46
30/05/2018,GBP,6188,5279.28,752,14.04
31/05/2018,GBP,7264,5020.08,734,13.66
01/06/2018,GBP,4960,4576.92,460,19.8
02/06/2018,GBP,4746,4579.42,526,17.42
03/06/2018,GBP,3956,4556.18,570,15.94
04/06/2018,GBP,9396,4759.96,656,14.5
05/06/2018,GBP,5028,4423.76,792,11.16
06/06/2018,GBP,4574,4163.46,702,11.86
07/06/2018,GBP,3378,4207.86,732,11.44
08/06/2018,GBP,4500,4168.9,692,12.04
09/06/2018,GBP,2692,4248.4,716,11.82
10/06/2018,GBP,2692,4202.1,784,10.72
11/06/2018,GBP,3896,5196.46,826,12.54
12/06/2018,GBP,7458,5638.46,1262,8.94
13/06/2018,GBP,6498,6145.88,1190,10.3
14/06/2018,GBP,7738,6261.46,948,13.2
15/06/2018,GBP,4468,6411.68,780,16.42
16/06/2018,GBP,4990,6641.4,996,13.3
17/06/2018,GBP,5500,7115.74,894,15.88
18/06/2018,GBP,4532,6650.32,1050,12.6
19/06/2018,GBP,6118,5608.2,1094,10.26
20/06/2018,GBP,7262,5384.32,954,11.28
21/06/2018,GBP,6562,5893.78,906,13
22/06/2018,GBP,8404,7819.18,782,20
23/06/2018,GBP,8480,11565.8,998,23.16
24/06/2018,GBP,9232,9963.9,880,22.62
25/06/2018,GBP,10604,10455.08,1062,19.68
26/06/2018,GBP,9626,8012.96,1094,14.64
27/06/2018,GBP,8556,8922.84,976,18.28
28/06/2018,GBP,9174,7764.22,1030,15.06
29/06/2018,GBP,11540,9002.1,1104,16.3
30/06/2018,GBP,12258,8991.12,1032,17.42
01/07/2018,GBP,4384,5593.74,574,19.42
02/07/2018,GBP,4670,5235.02,730,14.32
03/07/2018,GBP,4334,5002.24,642,15.58
04/07/2018,GBP,6372,4835.3,740,13.06
05/07/2018,GBP,4574,5972.22,458,26.04
06/07/2018,GBP,4910,5692.6,446,25.48
07/07/2018,GBP,4112,3299.72,398,16.56
08/07/2018,GBP,4386,3502.5,554,12.64
09/07/2018,GBP,5476,3803.52,616,12.32
10/07/2018,GBP,9560,6404,898,14.26
11/07/2018,GBP,6560,5592.64,772,14.48
12/07/2018,GBP,4376,4992.94,598,16.68
13/07/2018,GBP,12084,6393.12,1002,12.76
14/07/2018,GBP,8304,6312.42,816,15.44
15/07/2018,GBP,9544,6343.72,940,13.46
16/07/2018,GBP,11478,7295.42,1484,9.82
17/07/2018,GBP,10482,6406.62,1030,12.44
18/07/2018,GBP,9596,7032.86,1048,13.42
19/07/2018,GBP,11434,6940.14,1214,11.42
20/07/2018,GBP,8008,6511.26,894,14.56
21/07/2018,GBP,7226,6476.44,830,15.6
22/07/2018,GBP,7928,6833.4,818,16.7
23/07/2018,GBP,6240,6101.64,822,14.84
24/07/2018,GBP,5158,4245.3,668,12.68
25/07/2018,GBP,7742,6298.64,970,12.98
26/07/2018,GBP,8326,4998.66,938,10.64
27/07/2018,GBP,5818,5403.46,858,12.58
28/07/2018,GBP,11130,7053.82,1162,12.12
29/07/2018,GBP,15038,11373.84,1462,15.56
30/07/2018,GBP,17666,11012.78,1240,17.72
31/07/2018,GBP,20394,11849.06,1168,20.24
01/08/2018,GBP,18982,7079.94,1106,12.8
02/08/2018,GBP,14686,6780.62,934,14.52
03/08/2018,GBP,13276,5717.58,974,11.74
04/08/2018,GBP,20600,7282.3,1268,11.48
05/08/2018,GBP,8972,4614.74,968,9.5
06/08/2018,GBP,17174,7760.3,1302,11.92
07/08/2018,GBP,16692,6124.58,1174,10.44
08/08/2018,GBP,9284,5520.64,940,11.72
09/08/2018,GBP,6806,5264.34,984,10.66
10/08/2018,GBP,7632,5548.92,894,12.42
11/08/2018,GBP,7654,5854.32,1012,11.56
12/08/2018,GBP,8344,5849.72,970,12.06
13/08/2018,GBP,10982,6116.26,1118,10.92
14/08/2018,GBP,11196,6039.1,994,12.14
15/08/2018,GBP,9406,4668.84,864,10.78
16/08/2018,GBP,9458,7124.26,980,14.52
17/08/2018,GBP,5746,4127.04,776,10.64
18/08/2018,GBP,14164,7904.8,1182,13.38
19/08/2018,GBP,8236,5653.22,1168,9.68
20/08/2018,GBP,6218,6831.24,834,16.38
21/08/2018,GBP,6482,5312.58,872,12.18
22/08/2018,GBP,3912,6528.3,840,15.52
23/08/2018,GBP,7522,9606.74,1054,18.16
24/08/2018,GBP,12082,11520.1,1304,17.66
25/08/2018,GBP,9182,10833.4,1400,15.42
26/08/2018,GBP,13130,12414.26,1688,14.66
27/08/2018,GBP,14926,11489.06,1730,13.26
28/08/2018,GBP,13224,12667.6,1406,17.96
29/08/2018,GBP,14630,12372.46,1720,14.32
30/08/2018,GBP,9312,11628.54,1558,14.82
31/08/2018,GBP,7006,11182.02,1468,15.2
01/09/2018,GBP,5848,8511.66,1268,13.4
02/09/2018,GBP,6008,8531.9,1228,13.82
03/09/2018,GBP,9124,8924.04,1576,11.24
04/09/2018,GBP,10226,9236.92,1544,11.9
05/09/2018,GBP,8928,7082.94,1386,10.2
06/09/2018,GBP,6636,9298.32,1272,14.56
07/09/2018,GBP,6810,6466.88,976,13.14
08/09/2018,GBP,7508,9143.44,1022,17.84
09/09/2018,GBP,10708,9076.26,1442,12.54
10/09/2018,GBP,6972,9385.8,1120,16.7
11/09/2018,GBP,12160,9413.46,1508,12.44
12/09/2018,GBP,8658,9191.92,1070,17.14
13/09/2018,GBP,11348,8619.32,1244,13.78
14/09/2018,GBP,10346,8469.18,1220,13.82
15/09/2018,GBP,11418,8400.7,1270,13.22
16/09/2018,GBP,10314,8464.44,1380,12.22
17/09/2018,GBP,6486,6349.72,842,15.04
18/09/2018,GBP,7970,8434.62,918,18.32
19/09/2018,GBP,5690,6261.98,818,15.26
20/09/2018,GBP,5784,8183.6,782,20.9
21/09/2018,GBP,5926,6310.62,758,16.62
22/09/2018,GBP,6594,8169.52,736,22.16
23/09/2018,GBP,8668,8109.64,970,16.62
24/09/2018,GBP,6830,8471.88,896,18.9
25/09/2018,GBP,6498,7414.42,930,15.9
26/09/2018,GBP,6718,8569.08,876,19.5
27/09/2018,GBP,8046,11740.52,1020,22.9
28/09/2018,GBP,13724,18626.12,1314,28.1
29/09/2018,GBP,12148,15927.42,1276,24.86
30/09/2018,GBP,13784,17434.6,1528,22.6
01/10/2018,GBP,8550,11757.18,1172,19.94
02/10/2018,GBP,8066,10125.82,1264,16
03/10/2018,GBP,6408,7628.6,1148,13.3
04/10/2018,GBP,8364,9241.06,1184,15.6
05/10/2018,GBP,10170,8407.88,1200,14.02
06/10/2018,GBP,17576,8816.68,1694,10.4
07/10/2018,GBP,34998,10851.58,2326,9.34
08/10/2018,GBP,15160,8629.84,1430,12.06
09/10/2018,GBP,14488,9044.5,1566,11.56
10/10/2018,GBP,11460,9583,1436,13.34
11/10/2018,GBP,7628,10292.36,1238,16.62
12/10/2018,GBP,7316,7178.96,1172,12.24
13/10/2018,GBP,7750,7924.36,914,17.34
14/10/2018,GBP,9396,9678.78,1264,15.32
15/10/2018,GBP,5726,8940.5,910,19.62
16/10/2018,GBP,5780,5682.68,878,12.94
17/10/2018,GBP,7996,8089.36,1004,16.12
18/10/2018,GBP,7068,5613.48,830,13.52
19/10/2018,GBP,8872,10534.74,992,21.24
20/10/2018,GBP,15622,7152.64,1034,13.84
21/10/2018,GBP,9028,8138.74,968,16.82
22/10/2018,GBP,15004,7394.3,1108,13.34
23/10/2018,GBP,6798,7090.4,734,19.32
24/10/2018,GBP,3752,6700.92,812,16.5
25/10/2018,GBP,3494,6155.8,834,14.74
26/10/2018,GBP,8080,10339.42,1248,16.52
27/10/2018,GBP,5340,10214.58,1150,17.72
28/10/2018,GBP,6502,11532.62,1386,16.6
29/10/2018,GBP,8348,11837.12,1456,16.18
30/10/2018,GBP,1680,10103.6,228,88.14
31/10/2018,GBP,0,0,0,0
01/11/2018,GBP,5702,6803.46,1126,12.08
02/11/2018,GBP,7286,10862.88,1140,18.98
03/11/2018,GBP,9482,9898.76,1402,14.08
04/11/2018,GBP,7596,9910.92,1416,13.96
05/11/2018,GBP,7330,7972.58,1302,12.22
06/11/2018,GBP,382,600.76,130,9.2
07/11/2018,GBP,6950,11634.2,1582,14.66
08/11/2018,GBP,7198,8992.6,1466,12.24
09/11/2018,GBP,8098,11399.8,1496,15.2
10/11/2018,GBP,6928,11342.1,1552,14.58
11/11/2018,GBP,11118,11387.88,1940,11.7
12/11/2018,GBP,9726,11352.36,1692,13.38
13/11/2018,GBP,9580,11790.32,1482,15.88
14/11/2018,GBP,6886,9246.98,1260,14.66
15/11/2018,GBP,8070,10925.36,1500,14.5
16/11/2018,GBP,5444,12112.68,1534,15.74
17/11/2018,GBP,7468,7946.24,1100,14.38
18/11/2018,GBP,7952,12485.24,1284,19.4
19/11/2018,GBP,10794,12586.72,1602,15.7
20/11/2018,GBP,9148,13725.3,1514,18.1
21/11/2018,GBP,25820,16563.18,1894,17.48
22/11/2018,GBP,9854,17001.02,1860,18.28
23/11/2018,GBP,10174,17178.7,1634,21.02
24/11/2018,GBP,7702,16035.62,1544,20.78
25/11/2018,GBP,14344,16035.44,1832,17.5
26/11/2018,GBP,12582,17531.84,2024,17.32
27/11/2018,GBP,8376,14199.3,1884,15.08
28/11/2018,GBP,9452,17716.74,2622,13.5
29/11/2018,GBP,8836,20406.78,2520,16.2
30/11/2018,GBP,6722,22501.96,2374,18.96
01/12/2018,GBP,10252,21226.94,2082,20.38
02/12/2018,GBP,7990,21609.22,2596,16.64
03/12/2018,GBP,10810,17369.32,2444,14.22
04/12/2018,GBP,11914,26000.52,3006,17.28
05/12/2018,GBP,10250,19092.6,2536,15.04
06/12/2018,GBP,11138,25297.28,2470,20.48
07/12/2018,GBP,9662,18100.84,2082,17.36
08/12/2018,GBP,5862,17248.18,1584,21.74
09/12/2018,GBP,7276,17815.72,2116,16.84
10/12/2018,GBP,8788,16182.14,2070,15.64
11/12/2018,GBP,8376,17839,2360,15.12
12/12/2018,GBP,9592,16832.28,2306,14.6
13/12/2018,GBP,5982,13431.02,1808,14.86
14/12/2018,GBP,8790,16327.52,1776,18.38
15/12/2018,GBP,8444,13930.08,1746,15.96
16/12/2018,GBP,7232,15933.38,1880,16.94
17/12/2018,GBP,7152,13731.14,1844,14.9
18/12/2018,GBP,11852,18276.08,2354,15.52
19/12/2018,GBP,8482,19221.9,2184,17.6
20/12/2018,GBP,7436,18554.58,2054,18.06
21/12/2018,GBP,9756,18047.36,1890,19.1
22/12/2018,GBP,8612,17757.64,1674,21.22
23/12/2018,GBP,12134,15173.06,1960,15.48
24/12/2018,GBP,9706,13559.28,1562,17.36
25/12/2018,GBP,10706,15271.58,1736,17.6
26/12/2018,GBP,13646,13552.76,1526,17.76
27/12/2018,GBP,12088,17059.48,1668,20.46
28/12/2018,GBP,10420,13482.9,1250,21.56
29/12/2018,GBP,18304,18489.36,2000,18.48
30/12/2018,GBP,19070,19689.48,1776,22.18
31/12/2018,GBP,19472,20558.34,1880,21.88
01/01/2019,GBP,16312,18243.58,1732,21.06
02/01/2019,GBP,17284,18631.34,2278,16.36
03/01/2019,GBP,9230,18491.56,1928,19.18
04/01/2019,GBP,9536,18233.68,1750,20.84
05/01/2019,GBP,8794,17418.44,1822,19.12
06/01/2019,GBP,7778,17433.16,1894,18.4
07/01/2019,GBP,7238,18184.12,1968,18.48
08/01/2019,GBP,7508,17737.74,1898,18.7
09/01/2019,GBP,7868,17709.12,1802,19.66
10/01/2019,GBP,8952,18997.62,1972,19.26
11/01/2019,GBP,7178,18666.14,1816,20.56
12/01/2019,GBP,8452,18204.48,1994,18.26
13/01/2019,GBP,8460,19226.26,2166,17.74
14/01/2019,GBP,8708,22618.72,2260,20.02
15/01/2019,GBP,7620,18030.18,1970,18.3
16/01/2019,GBP,8930,16428.9,2066,15.9
17/01/2019,GBP,8570,15229.04,2080,14.64
18/01/2019,GBP,12332,20208.22,1952,20.7
19/01/2019,GBP,12298,20970.1,2034,20.62
20/01/2019,GBP,13210,15291,2346,13.02
21/01/2019,GBP,13566,16582.86,2378,13.94
22/01/2019,GBP,15364,20526.72,2468,16.62
23/01/2019,GBP,18164,19978.72,2690,14.82
24/01/2019,GBP,18748,19619.3,2466,15.9
25/01/2019,GBP,15950,16998.22,2244,15.14
26/01/2019,GBP,14180,15190.3,1952,15.52
27/01/2019,GBP,18086,17733.96,2668,13.28
28/01/2019,GBP,13212,13205.78,1812,14.56
29/01/2019,GBP,19382,18723.68,2690,13.9
30/01/2019,GBP,13148,17818,2170,16.42
31/01/2019,GBP,17220,18619.04,2382,15.62
01/02/2019,GBP,13358,18225.14,2174,16.76
02/02/2019,GBP,15580,18245.38,2192,16.64
03/02/2019,GBP,16884,18332.5,2318,15.8
04/02/2019,GBP,14968,14191.22,2152,13.18
05/02/2019,GBP,16824,18618.66,2062,18.02
06/02/2019,GBP,19198,17070.4,2230,15.3
07/02/2019,GBP,14768,18908.5,2098,18
08/02/2019,GBP,16452,17566.96,2292,15.3
09/02/2019,GBP,13192,17543.6,1692,20.7
10/02/2019,GBP,18754,17565.06,2452,14.3
11/02/2019,GBP,17544,18325.96,2162,16.94
12/02/2019,GBP,15808,15482.56,2086,14.84
13/02/2019,GBP,20286,22868.96,2364,19.34
14/02/2019,GBP,20716,23019.46,2710,16.94
15/02/2019,GBP,16978,16369.14,1756,18.54
16/02/2019,GBP,16716,15631.44,1884,16.5
17/02/2019,GBP,16834,16294.02,2168,14.94
18/02/2019,GBP,15702,10396.98,1436,14.32
19/02/2019,GBP,17024,10520.18,1022,20.56
20/02/2019,GBP,13104,12603.24,1052,23.94
21/02/2019,GBP,9130,12264.62,898,27.2
22/02/2019,GBP,12084,12233.48,1130,21.62
23/02/2019,GBP,13878,11396.6,1358,16.74
24/02/2019,GBP,18850,9418.84,1586,11.86
25/02/2019,GBP,22740,12517.6,1570,15.92
26/02/2019,GBP,17634,10509.94,1402,14.94
27/02/2019,GBP,19098,11762.86,1480,15.84
28/02/2019,GBP,22448,12133.26,1696,14.28
01/03/2019,GBP,19930,8858.4,1330,13.26
02/03/2019,GBP,26532,9223.02,1466,12.54
03/03/2019,GBP,25674,12264.78,2152,11.38
04/03/2019,GBP,19402,17162.72,1778,19.28
05/03/2019,GBP,23642,15860.94,2240,14.14
06/03/2019,GBP,25252,12828,1700,15.06
07/03/2019,GBP,22074,16825.02,1774,18.92
08/03/2019,GBP,15410,11944.2,1436,16.58
09/03/2019,GBP,25274,16538.92,1822,18.14
10/03/2019,GBP,18104,13091.18,1682,15.54
11/03/2019,GBP,11672,14325.16,1692,16.86
12/03/2019,GBP,14482,13885.22,1546,17.9
13/03/2019,GBP,14450,14731.4,1728,17.02
14/03/2019,GBP,13256,17498.48,1648,21.18
15/03/2019,GBP,15598,17187.16,2054,16.72
16/03/2019,GBP,21510,16713.4,1822,18.32
17/03/2019,GBP,28304,17098.42,2240,15.24
18/03/2019,GBP,12890,12544.34,1516,16.5
19/03/2019,GBP,16102,18174.78,1976,18.36
20/03/2019,GBP,10086,13370.36,1624,16.44
21/03/2019,GBP,14648,17501.3,2064,16.94
22/03/2019,GBP,16914,17810.46,1816,19.6
23/03/2019,GBP,20648,19538.08,2216,17.6
24/03/2019,GBP,21870,19203.62,2252,17.02
25/03/2019,GBP,16500,18502.26,1924,19.14
26/03/2019,GBP,11054,14912.16,1648,18.08
27/03/2019,GBP,23608,19837.04,2096,18.84
28/03/2019,GBP,22786,25428.92,2146,23.64
29/03/2019,GBP,17176,22045.62,1912,23.02
30/03/2019,GBP,30630,24663.14,2302,21.38
31/03/2019,GBP,30750,21016.5,2686,15.64
01/04/2019,GBP,27766,19351.08,2120,18.18
02/04/2019,GBP,25590,23804.9,2592,18.34
03/04/2019,GBP,22086,23185.88,2536,18.26
04/04/2019,GBP,18034,21343.2,2320,18.38
05/04/2019,GBP,33996,27578.44,2768,19.88
06/04/2019,GBP,26604,22433.82,2356,19
07/04/2019,GBP,18102,22404.74,2184,20.46
08/04/2019,GBP,19718,23464.94,2478,18.9
09/04/2019,GBP,19280,23512.18,2220,21.16
10/04/2019,GBP,17866,22940.26,2374,19.3
11/04/2019,GBP,17494,22642.24,1908,23.68
12/04/2019,GBP,24512,20600.5,2120,19.42
13/04/2019,GBP,20498,22143.32,2044,21.64
14/04/2019,GBP,27922,21550.04,2338,18.42
15/04/2019,GBP,23634,19778.68,2072,19.08
16/04/2019,GBP,25266,22245.02,2466,18.04
17/04/2019,GBP,29696,24852.68,2650,18.74
18/04/2019,GBP,21914,21608.92,2296,18.8
19/04/2019,GBP,27406,21336.86,2140,19.92
20/04/2019,GBP,26668,15783.22,1824,17.26
21/04/2019,GBP,39760,24421.22,2612,18.68
22/04/2019,GBP,27076,24317.72,2654,18.3
23/04/2019,GBP,30476,25551.26,2532,20.16
24/04/2019,GBP,23710,25229.24,2622,19.2
25/04/2019,GBP,17036,20608.12,2172,18.94
26/04/2019,GBP,23360,21093.1,2190,19.24
27/04/2019,GBP,15542,23820.62,2174,21.9
28/04/2019,GBP,13272,22382.6,2146,20.84
29/04/2019,GBP,10524,22327.68,2042,21.84
30/04/2019,GBP,11214,22103.6,2168,20.4
01/05/2019,GBP,13346,19488.62,2230,17.46
02/05/2019,GBP,9752,19610.94,1866,21
03/05/2019,GBP,8998,15989.3,1578,20.24
04/05/2019,GBP,8630,12513.74,1152,21.7
05/05/2019,GBP,6992,12511.24,1334,18.72
06/05/2019,GBP,6464,13221.5,1546,17.08
07/05/2019,GBP,5464,10467.72,1612,12.94
08/05/2019,GBP,7230,14981.7,1608,18.62
09/05/2019,GBP,4962,6577.12,974,13.44
10/05/2019,GBP,27768,34940.58,2924,23.88
11/05/2019,GBP,17678,18687.04,1870,19.96
12/05/2019,GBP,12628,22807.56,1682,27.08
13/05/2019,GBP,12094,21578.76,1920,22.46
14/05/2019,GBP,11086,21300.04,1934,21.96
15/05/2019,GBP,11180,21065.7,1898,22.18
16/05/2019,GBP,11696,20744.94,1716,24.14
17/05/2019,GBP,11698,20394.02,1828,22.26
18/05/2019,GBP,8668,20398.08,1568,25.98
19/05/2019,GBP,9192,20334.52,1932,21.04
20/05/2019,GBP,23090,19140.88,1676,22.78
21/05/2019,GBP,17540,22792.4,2146,21.22
22/05/2019,GBP,11838,20819.5,1910,21.78
23/05/2019,GBP,16324,22403.38,1994,22.44
24/05/2019,GBP,19888,24188.4,1990,24.28
25/05/2019,GBP,24928,27446.52,2278,24.06
26/05/2019,GBP,10284,24662.34,2196,22.44
27/05/2019,GBP,14798,24566.14,2246,21.82
28/05/2019,GBP,15488,23060.68,2186,21.06
29/05/2019,GBP,20192,26679.1,2640,20.16
30/05/2019,GBP,12596,21689.64,1924,22.5
31/05/2019,GBP,24024,25530.76,2080,24.46
01/06/2019,GBP,13824,19682.44,1764,22.24
02/06/2019,GBP,25134,28264.86,2390,23.6
03/06/2019,GBP,16982,20347.12,1966,20.64
04/06/2019,GBP,13270,20018.38,1946,20.48
05/06/2019,GBP,13522,27238.18,2282,23.88
06/06/2019,GBP,17216,17058.82,1662,20.52
07/06/2019,GBP,46772,47824.72,4338,22.04
08/06/2019,GBP,23894,27189.2,2996,18.16
09/06/2019,GBP,21906,32571.74,2788,23.36
10/06/2019,GBP,17018,29059.66,2992,19.42
11/06/2019,GBP,13798,28880.42,2356,24.52
12/06/2019,GBP,13784,28740,3076,18.68
13/06/2019,GBP,12200,28280.76,2390,23.66
14/06/2019,GBP,12974,22033.62,2256,19.54
15/06/2019,GBP,22048,32599.98,2840,22.96
16/06/2019,GBP,14252,27541.76,2592,21.26
17/06/2019,GBP,14128,25505.9,2580,19.78
18/06/2019,GBP,18168,26517.64,2948,18
19/06/2019,GBP,14916,21156.4,2200,19.24
20/06/2019,GBP,12728,21958.24,1994,22.02
21/06/2019,GBP,14552,28188.78,1876,30.06
22/06/2019,GBP,15606,25076.02,1928,26.02
23/06/2019,GBP,10126,19901.94,1584,25.12
24/06/2019,GBP,11236,18676.14,1678,22.26
25/06/2019,GBP,9790,18695.46,1750,21.36
26/06/2019,GBP,8938,18101.3,1564,23.14
27/06/2019,GBP,8702,17941.58,1716,20.92
28/06/2019,GBP,8902,17558.42,1468,23.92
29/06/2019,GBP,10950,20331.2,1360,29.9
30/06/2019,GBP,11582,20128.7,1498,26.88
01/07/2019,GBP,9142,16228.18,1636,19.84
02/07/2019,GBP,8800,16117.06,1834,17.58
03/07/2019,GBP,8288,15244,1638,18.62
04/07/2019,GBP,7784,15180.58,1446,21
05/07/2019,GBP,9456,15109.32,1472,20.52
06/07/2019,GBP,8682,15196.8,1338,22.72
07/07/2019,GBP,8708,15547.12,1552,20.04
08/07/2019,GBP,8132,12045.32,1354,17.8
09/07/2019,GBP,10640,19789.86,1808,21.9
10/07/2019,GBP,7966,14700.8,1592,18.46
11/07/2019,GBP,9636,16375.16,1580,20.72
12/07/2019,GBP,8632,15229.6,1436,21.22
13/07/2019,GBP,8280,15183.6,1238,24.52
14/07/2019,GBP,8322,15128.34,1558,19.42
15/07/2019,GBP,9056,15414.22,1510,20.42
16/07/2019,GBP,9924,16764.34,1794,18.68
17/07/2019,GBP,10268,18611.12,1804,20.64
18/07/2019,GBP,8788,17207.6,1698,20.26
19/07/2019,GBP,10240,17701.5,1710,20.7
20/07/2019,GBP,9264,17704.98,1610,22
21/07/2019,GBP,10280,17704.92,1832,19.32
22/07/2019,GBP,8868,18230.24,1652,22.08
23/07/2019,GBP,8872,14646.02,1416,20.68
24/07/2019,GBP,11674,20856.26,1724,24.2
25/07/2019,GBP,10740,18954.3,1530,24.78
26/07/2019,GBP,14640,23484.24,2052,22.88
27/07/2019,GBP,15720,20533.34,2100,19.56
28/07/2019,GBP,12620,22414.06,1916,23.4
29/07/2019,GBP,13854,20237.6,2128,19.02
30/07/2019,GBP,12854,21223.06,1826,23.24
31/07/2019,GBP,13254,22208.32,2390,18.58
01/08/2019,GBP,12598,20528.68,2042,20.1
02/08/2019,GBP,17730,26383.78,2178,24.22
03/08/2019,GBP,22252,26717.62,2508,21.3
04/08/2019,GBP,21482,26487.86,2390,22.16
05/08/2019,GBP,19802,27585.84,2622,21.04
06/08/2019,GBP,17936,28824.62,2582,22.32
07/08/2019,GBP,17240,25513.14,2288,22.3
08/08/2019,GBP,17484,26765.62,2612,20.5
09/08/2019,GBP,15818,24343.06,1984,24.54
10/08/2019,GBP,27574,27547.48,2538,21.7
11/08/2019,GBP,18042,25675.24,2396,21.44
12/08/2019,GBP,18222,27289.86,2632,20.74
13/08/2019,GBP,21350,31773.76,3202,19.84
14/08/2019,GBP,20096,31466.72,3164,19.9
15/08/2019,GBP,18082,30553.62,3038,20.12
16/08/2019,GBP,16148,29052.36,2858,20.34
17/08/2019,GBP,19266,29040.9,3222,18.02
18/08/2019,GBP,19208,29040.38,3376,17.2
19/08/2019,GBP,22046,32421.36,3644,17.8
20/08/2019,GBP,27390,35891,3984,18.02
21/08/2019,GBP,32360,42665.92,4568,18.68
22/08/2019,GBP,30408,45968.94,4262,21.58
23/08/2019,GBP,30110,42458.4,3564,23.82
24/08/2019,GBP,31914,39805.72,3762,21.16
25/08/2019,GBP,36928,43265.48,4032,21.46
26/08/2019,GBP,37854,48231.16,4380,22.02
27/08/2019,GBP,44374,48558.38,4786,20.3
28/08/2019,GBP,41596,48825.46,4570,21.36
29/08/2019,GBP,36952,42547.72,4126,20.62
30/08/2019,GBP,40414,49580.66,4196,23.64
31/08/2019,GBP,36786,41007.74,3920,20.92
01/09/2019,GBP,41470,46730.44,4220,22.14
02/09/2019,GBP,41120,47192,4376,21.56
03/09/2019,GBP,35232,48161.52,4292,22.44
04/09/2019,GBP,29926,45849.22,4534,20.22
05/09/2019,GBP,31410,41664.8,4320,19.28
06/09/2019,GBP,39850,55203.9,4478,24.66
07/09/2019,GBP,35366,43174.36,4152,20.8
08/09/2019,GBP,34588,51584.22,4510,22.88
09/09/2019,GBP,31744,43124.78,4500,19.16
10/09/2019,GBP,37340,55074.44,5118,21.52
11/09/2019,GBP,33040,48961.58,4706,20.8
12/09/2019,GBP,29406,47662.3,4298,22.18
13/09/2019,GBP,28982,47782.44,4138,23.1
14/09/2019,GBP,30032,47147.94,4072,23.16
15/09/2019,GBP,27982,45996.58,3952,23.28
16/09/2019,GBP,32514,46902.7,4720,19.88
17/09/2019,GBP,31508,49037.64,4484,21.88
18/09/2019,GBP,29194,44903.28,4178,21.5
19/09/2019,GBP,26876,46789.54,4066,23.02
20/09/2019,GBP,29074,45712.62,4042,22.62
21/09/2019,GBP,27558,44914.18,4224,21.26
22/09/2019,GBP,25500,45516.2,4242,21.46
23/09/2019,GBP,26742,41852.34,4406,19
24/09/2019,GBP,30590,51902.64,4750,21.86
25/09/2019,GBP,26900,41763.22,4370,19.12
26/09/2019,GBP,27838,48491.68,4680,20.72
27/09/2019,GBP,27616,42664.8,4246,20.1
28/09/2019,GBP,31292,43540.14,4348,20.02
29/09/2019,GBP,35708,43770.24,4730,18.5
30/09/2019,GBP,29130,40458.86,4552,17.78
01/10/2019,GBP,32718,47108.66,4748,19.84
02/10/2019,GBP,29488,41850.54,4308,19.42
03/10/2019,GBP,32624,45698.26,4406,20.74
04/10/2019,GBP,32864,44196.92,4240,20.84
05/10/2019,GBP,33310,45595.76,4288,21.26
06/10/2019,GBP,38020,44497.44,4898,18.16
07/10/2019,GBP,38640,44526.28,4804,18.54
08/10/2019,GBP,37966,45639.74,4640,19.68
09/10/2019,GBP,39002,44994.02,4302,20.92
10/10/2019,GBP,34218,46609.4,4414,21.12
11/10/2019,GBP,28082,44997.26,4080,22.06
12/10/2019,GBP,35292,44066.36,4602,19.16
13/10/2019,GBP,33634,44221.1,4554,19.42
14/10/2019,GBP,52502,202516.26,4594,88.16
15/10/2019,GBP,44426,81603.5,5010,32.58
16/10/2019,GBP,41536,88624.66,5352,33.12
17/10/2019,GBP,55458,100904.02,6396,31.56
18/10/2019,GBP,47894,86449.8,5220,33.12
19/10/2019,GBP,59638,94118.84,6310,29.84
20/10/2019,GBP,58872,92877.22,6440,28.84
21/10/2019,GBP,55950,95883.78,6878,27.88
22/10/2019,GBP,53264,98413.8,6304,31.22
23/10/2019,GBP,50966,99829.56,6250,31.94
24/10/2019,GBP,44278,96921.82,5910,32.8
25/10/2019,GBP,45090,94922.04,5364,35.4
26/10/2019,GBP,50644,94358.76,5752,32.8
27/10/2019,GBP,53380,91728.54,6044,30.36
28/10/2019,GBP,62246,97117.46,6656,29.18
29/10/2019,GBP,60064,94797.52,6710.34,28.26
30/10/2019,GBP,59934,93424.04,6186.6,30.2
31/10/2019,GBP,59948,89512.52,5943.66,30.12
01/11/2019,GBP,69174,96505.72,6454,29.9
02/11/2019,GBP,69154,96410.32,6380,30.22
03/11/2019,GBP,74498,96387.64,7484,25.76
04/11/2019,GBP,62356,88248.68,6356.1,27.76
05/11/2019,GBP,66900,98431.98,6848.5,28.74
06/11/2019,GBP,66222,98626.74,6954,28.36
07/11/2019,GBP,59304,95684.02,6372,30.04
08/11/2019,GBP,66252,95512.98,6588,29
09/11/2019,GBP,66240,96556.76,6078,31.78
10/11/2019,GBP,69744,96990.44,6928,28
11/11/2019,GBP,48944,64405.92,6836,18.84
12/11/2019,GBP,46902,63262.32,6438,19.66
13/11/2019,GBP,46610,66540.64,6420.02,20.72
14/11/2019,GBP,43616,64967.16,5938.02,21.88
15/11/2019,GBP,45928,64889.8,5878.04,22.08
16/11/2019,GBP,48228,64187.14,6052.02,21.22
17/11/2019,GBP,48938,65366.78,6371.5,20.52
18/11/2019,GBP,42430,65958.06,6288.12,20.98
19/11/2019,GBP,43156,66902.18,5872,22.78
20/11/2019,GBP,42926,70583.2,5867.94,24.06
21/11/2019,GBP,45362,70365.32,6004.62,23.44
22/11/2019,GBP,48574,71304.36,5642.8,25.28
23/11/2019,GBP,53540,71897.7,6148.94,23.38
24/11/2019,GBP,52238,74109.34,6961.92,21.28
25/11/2019,GBP,42412,63668.76,6245.28,20.38
26/11/2019,GBP,44280,69068.94,5995.76,23.04
27/11/2019,GBP,37422,65107.96,5839.86,22.3
28/11/2019,GBP,37896,64953.42,5592.04,23.24
29/11/2019,GBP,32870,56933.24,4568,24.92
30/11/2019,GBP,30014,49680.96,4402,22.58
01/12/2019,GBP,35738,55097.3,5220,21.1
02/12/2019,GBP,35974,62628.24,5770.16,21.7
03/12/2019,GBP,47546,82633.38,6609.82,25
04/12/2019,GBP,41048,72883,5737.98,25.4
05/12/2019,GBP,39810,72692.9,5690.02,25.56
06/12/2019,GBP,44188,68961.48,5667.94,24.34
07/12/2019,GBP,42424,65283.12,5488,23.8
08/12/2019,GBP,48202,67962.54,6216,21.86
09/12/2019,GBP,44118,66901.22,6510,20.56
10/12/2019,GBP,42986,68177.58,6222,21.92
11/12/2019,GBP,43576,67577.98,5854.02,23.08
12/12/2019,GBP,45900,72886.84,5430,26.84
13/12/2019,GBP,41402,61048.34,4226.04,28.9
14/12/2019,GBP,64502,88701.5,6164.1,28.78
15/12/2019,GBP,47968,80458.94,5363.86,30
16/12/2019,GBP,47426,69104.18,5070,27.26
17/12/2019,GBP,39852,68656.78,4488,30.6
18/12/2019,GBP,47712,78117.78,4602,33.94
19/12/2019,GBP,59038,78907.62,4464,35.36
20/12/2019,GBP,46238,56005.64,3560.98,31.46
21/12/2019,GBP,45070,52305.58,3982,26.28
22/12/2019,GBP,46208,54356.12,3876,28.04
23/12/2019,GBP,49188,46338.78,3912.02,23.7
24/12/2019,GBP,55770,41934.74,3591.98,23.34
25/12/2019,GBP,57124,48243.8,3732.92,25.84
26/12/2019,GBP,43068,54639.66,4079.08,26.8
27/12/2019,GBP,41598,60009.08,4190.12,28.64
28/12/2019,GBP,43788,59285.44,4712.12,25.16
29/12/2019,GBP,51186,61263.4,6264,19.56
30/12/2019,GBP,44202,62080.04,6270.42,19.8
31/12/2019,GBP,47300,53489.64,6022,17.76
01/01/2020,GBP,51208,56272.96,6686,16.84
02/01/2020,GBP,52086,65231.2,7909.08,16.5
03/01/2020,GBP,48888,63635.04,7428.28,17.14
04/01/2020,GBP,45914,61616.56,7411.1,16.62
05/01/2020,GBP,40670,60989.18,7096,17.18
06/01/2020,GBP,39484,70407.98,7136.06,19.74
07/01/2020,GBP,32532,67714.7,7107.66,19.06
08/01/2020,GBP,31282,70952.6,6917.54,20.52
09/01/2020,GBP,24486,63951.9,5872.88,21.78
10/01/2020,GBP,25838,62240.26,5842,21.3
11/01/2020,GBP,27292,63614.84,5974,21.3
12/01/2020,GBP,30108,64499.68,6910.62,18.66
13/01/2020,GBP,31128,63505.62,6770.5,18.76
14/01/2020,GBP,32492,64644.66,6817.98,18.96
15/01/2020,GBP,34090,71878.3,7036.22,20.44
16/01/2020,GBP,27600,68072.54,6483.08,21
17/01/2020,GBP,31258,65921.76,6179.04,21.34
18/01/2020,GBP,31322,64687.56,6065,21.34
19/01/2020,GBP,27812,65082.9,6583.7,19.78
20/01/2020,GBP,31190,69105.18,6938.56,19.92
21/01/2020,GBP,29502,67831.16,6820.28,19.9
22/01/2020,GBP,29640,67708.16,6577.92,20.58
23/01/2020,GBP,29198,65691.18,6518.8,20.16
24/01/2020,GBP,28614,64401.14,6042.62,21.32
25/01/2020,GBP,27892,63386.98,6100.18,20.78
26/01/2020,GBP,27692,63337.52,6262.64,20.22
27/01/2020,GBP,30696,67367.32,6720.86,20.04
28/01/2020,GBP,31570,67593.12,6682.32,20.24
29/01/2020,GBP,28826,67611.02,6126.82,22.08
30/01/2020,GBP,28100,67356.54,6389.38,21.08
31/01/2020,GBP,33178,65461.74,6487.48,20.18
01/02/2020,GBP,37720,66730.1,6839.06,19.52
02/02/2020,GBP,37514,70488.58,7327.86,19.24
03/02/2020,GBP,34914,71931.4,7517.2,19.14
04/02/2020,GBP,33394,65055.5,6738.02,19.3
05/02/2020,GBP,36416,71589.68,6779.98,21.12
06/02/2020,GBP,34024,68533.88,5984.02,22.9
07/02/2020,GBP,31366,67526.42,5735.94,23.54
08/02/2020,GBP,30048,66037.36,5999.72,22.02
09/02/2020,GBP,29586,67224.2,5885,22.84
10/02/2020,GBP,29726,69226.94,6687.2,20.7
11/02/2020,GBP,35798,67000.12,7580.8,17.68
12/02/2020,GBP,22496,46587.42,4228,22.04
13/02/2020,GBP,19726,37375.66,4318.04,17.32
14/02/2020,GBP,15452,33722.34,2987.22,22.58
15/02/2020,GBP,18690,33167.62,4134.78,16.04
16/02/2020,GBP,17808,33643.08,4312.1,15.6
17/02/2020,GBP,20780,35979.26,4475.6,16.08
18/02/2020,GBP,19172,38389.16,3941.4,19.48
19/02/2020,GBP,22034,41738.74,4173.4,20
20/02/2020,GBP,23734,45154.76,4399.16,20.52
21/02/2020,GBP,23668,45288.38,4420.84,20.48
22/02/2020,GBP,23152,42720.94,4048.74,21.1
23/02/2020,GBP,21062,43601.54,4036.26,21.6
24/02/2020,GBP,26064,53138.5,5063.36,20.98
25/02/2020,GBP,23700,45264.58,4993.14,18.14
26/02/2020,GBP,25180,49406.92,5172.16,19.1
27/02/2020,GBP,23764,47905.92,4467.26,21.44
28/02/2020,GBP,22862,44900.24,4156.04,21.6
29/02/2020,GBP,26224,40477.82,3978.3,20.34
01/03/2020,GBP,26824,42845.4,4641.98,18.46
02/03/2020,GBP,27658,49317.32,4980.08,19.8
03/03/2020,GBP,26570,48124.08,4768.72,20.18
04/03/2020,GBP,25316,48909.12,4123.08,23.72
05/03/2020,GBP,28944,54375.76,4630.56,23.48
06/03/2020,GBP,27466,49977.16,4036.08,24.76
07/03/2020,GBP,29070,46847.72,4598.66,20.38
08/03/2020,GBP,27582,47587.8,4383.54,21.72
09/03/2020,GBP,32626,59866.84,5764.68,20.78
10/03/2020,GBP,29196,59535.28,6067.28,19.62
11/03/2020,GBP,31072,67047.12,6264.52,21.4
12/03/2020,GBP,27666,59792.54,5555.32,21.52
13/03/2020,GBP,23176,49923.38,4134.66,24.14
14/03/2020,GBP,24970,53876.88,4630,23.28
15/03/2020,GBP,24244,46642.86,4120,22.64
16/03/2020,GBP,19672,43156.38,3774.6,22.86
17/03/2020,GBP,31516,54624.72,5293.4,20.64
18/03/2020,GBP,18016,39250.84,4866,16.14
19/03/2020,GBP,11524,25567.96,3196,16
20/03/2020,GBP,13148,21492.36,4489,9.58
21/03/2020,GBP,13652,15644.74,3129,10
22/03/2020,GBP,13604,17714.46,2141,16.54
23/03/2020,GBP,9026,20768.72,2663,15.6
24/03/2020,GBP,9230,19887.48,4158,9.56
25/03/2020,GBP,12894,21109,3342.74,12.62
26/03/2020,GBP,12432,26458.32,4652.68,11.38
27/03/2020,GBP,11362,25827.28,3755,13.76
28/03/2020,GBP,10492,22534.82,7636.04,5.9
29/03/2020,GBP,9770,18505.68,4022,9.2
30/03/2020,GBP,12180,27636.48,3288.2,16.8
31/03/2020,GBP,12104,29437.6,3579.72,16.44
01/04/2020,GBP,12736,30693.48,4946.34,12.42
02/04/2020,GBP,13044,32484.22,5407.66,12.02
03/04/2020,GBP,12654,28088.5,6686,8.4
04/04/2020,GBP,11620,21988.78,3808,11.54
05/04/2020,GBP,10726,20267.9,2765.72,14.66
06/04/2020,GBP,12404,28097.5,3171.9,17.72
07/04/2020,GBP,12418,25163,4492,11.2
08/04/2020,GBP,13022,24244.3,6522,7.44
09/04/2020,GBP,14908,24789.92,9485,5.22
10/04/2020,GBP,13762,20295.98,7994,5.08
11/04/2020,GBP,25018,17547.96,7810,4.5
12/04/2020,GBP,18814,17334.5,4972,6.98
13/04/2020,GBP,15484,20631.24,3212,12.84
14/04/2020,GBP,18076,26571.82,3687.34,14.42
15/04/2020,GBP,18804,26897.52,5395.66,9.98
16/04/2020,GBP,17228,25574.84,10736,4.76
17/04/2020,GBP,16192,25769.68,4858.4,10.6
18/04/2020,GBP,15980,22520.7,2928.24,15.38
19/04/2020,GBP,13894,19418.02,2844.96,13.66
20/04/2020,GBP,14772,26437.56,3143.4,16.82
21/04/2020,GBP,14634,26239.18,4386,11.96
22/04/2020,GBP,14380,26965.44,4930,10.94
23/04/2020,GBP,13748,26004.58,4549,11.44
24/04/2020,GBP,13036,24732.86,7060.56,7
25/04/2020,GBP,12470,20773.9,3432,12.1
26/04/2020,GBP,12764,20432.04,3026.86,13.5
27/04/2020,GBP,14384,29064.26,2928.18,19.86
28/04/2020,GBP,14780,30329.52,3256.04,18.62
29/04/2020,GBP,14656,29844.98,3458.58,17.26
30/04/2020,GBP,14632,30718.9,3417.82,17.98
01/05/2020,GBP,14448,28932.18,6004.14,9.64
02/05/2020,GBP,12342,23704.98,8316,5.7
03/05/2020,GBP,12814,23043.14,4377.86,10.52
04/05/2020,GBP,16310,32675.78,3927.16,16.64
05/05/2020,GBP,15630,33803.02,4788.54,14.12
06/05/2020,GBP,15966,33173.68,4514.96,14.7
07/05/2020,GBP,17792,35786.98,7020.02,10.2
08/05/2020,GBP,15354,31267.08,7341.96,8.52
09/05/2020,GBP,13176,24860.34,8725.02,5.7
10/05/2020,GBP,14308,31085.84,6280,9.9
11/05/2020,GBP,19380,31556.92,5395.84,11.7
12/05/2020,GBP,18758,21888.66,3722.84,11.76
13/05/2020,GBP,23800,24926.48,4116.92,12.1
14/05/2020,GBP,19470,18682.76,2355.84,15.86
15/05/2020,GBP,15680,16996.92,1910.78,17.8
16/05/2020,GBP,18266,15705.26,1882.78,16.68
17/05/2020,GBP,14984,16410.56,1913,17.16
18/05/2020,GBP,15894,18062.86,2105.24,17.16
19/05/2020,GBP,15464,18212.6,2360.28,15.44
20/05/2020,GBP,13198,14658.62,2195.04,13.36
21/05/2020,GBP,12716,11995.38,2209.12,10.86
22/05/2020,GBP,11372,11634.72,2060,11.3
23/05/2020,GBP,11764,10500.92,1948.14,10.78
24/05/2020,GBP,11560,10250.38,1542,13.3
25/05/2020,GBP,10776,10408.96,1523.76,13.66
26/05/2020,GBP,11044,11366.86,1705.86,13.32
27/05/2020,GBP,12836,12013.26,1910,12.58
28/05/2020,GBP,11222,11739.3,2318,10.12
29/05/2020,GBP,10886,9786.54,1885.88,10.38
30/05/2020,GBP,10270,8362.28,1578,10.6
31/05/2020,GBP,13994,10811.78,1866,11.58
01/06/2020,GBP,12082,12963.98,2121,12.22
02/06/2020,GBP,11790,13687.34,2132,12.84
03/06/2020,GBP,13324,15561.66,2101,14.82
04/06/2020,GBP,13380,15283.82,2142,14.28
05/06/2020,GBP,13224,14317.64,2081.66,13.76
06/06/2020,GBP,14234,12517.92,2178,11.5
07/06/2020,GBP,14476,12350.34,1912,12.92
08/06/2020,GBP,14306,14428.94,2062,14
09/06/2020,GBP,12356,13641.04,2059.66,13.24
10/06/2020,GBP,13982,14721.76,2134.06,13.8
11/06/2020,GBP,10562,13156.5,1692,15.56
12/06/2020,GBP,9188,12481.52,1644,15.18
13/06/2020,GBP,8094,11431.56,1500,15.24
14/06/2020,GBP,11154,10848,1556,13.94
15/06/2020,GBP,9302,12898.18,1620,15.92
16/06/2020,GBP,8916,13038.96,1632.8,15.98
17/06/2020,GBP,8334,10687.14,1556,13.74
18/06/2020,GBP,9352,13337.4,1583.08,16.84
19/06/2020,GBP,10062,12210.84,1560,15.66
20/06/2020,GBP,12502,11065.44,1395.68,15.86
21/06/2020,GBP,11840,11240.72,1243.62,18.08
22/06/2020,GBP,11062,13286.06,1318,20.16
23/06/2020,GBP,9838,12973.48,1284.78,20.2
24/06/2020,GBP,8274,12633.34,1240.72,20.36
25/06/2020,GBP,9562,13056.74,1356,19.26
26/06/2020,GBP,7536,14556.08,1213,24
27/06/2020,GBP,6890,14221.54,1273,22.34
28/06/2020,GBP,7682,14325.34,1328,21.58
29/06/2020,GBP,8068,16741.26,1585,21.12
30/06/2020,GBP,8226,15876.7,1546,20.54
01/07/2020,GBP,9510,15817.78,1618,19.56
02/07/2020,GBP,9316,15797.18,1450.02,21.78
03/07/2020,GBP,8076,14469.04,1460,19.82
04/07/2020,GBP,10010,13233.74,1529,17.32
05/07/2020,GBP,7814,13179.96,1448.34,18.2
06/07/2020,GBP,10278,15958.02,1626.66,19.62
07/07/2020,GBP,8964,16171.8,1542,20.98
08/07/2020,GBP,9526,16030.52,1614.92,19.86
09/07/2020,GBP,9066,16924.02,1515,22.34
10/07/2020,GBP,10134,14872.02,1492,19.94
11/07/2020,GBP,10106,13366.38,1378,19.4
12/07/2020,GBP,12138,13433.28,1300.5,20.66
13/07/2020,GBP,11608,17007.28,1454,23.4
14/07/2020,GBP,9750,16864.4,1250,26.98
15/07/2020,GBP,8546,16294.58,1497,21.76
16/07/2020,GBP,9116,17917.82,1327,27
17/07/2020,GBP,8312,14899.66,1452.84,20.52
18/07/2020,GBP,8040,13732.02,1313.16,20.92
19/07/2020,GBP,10442,14422.78,1491.5,19.34
20/07/2020,GBP,10844,16335.24,1504,21.72
21/07/2020,GBP,10800,21641.38,1570,27.56
22/07/2020,GBP,9502,22371.5,1694.38,26.4
23/07/2020,GBP,10764,28165.26,1862.34,30.24
24/07/2020,GBP,10152,25532.34,1552.34,32.9
25/07/2020,GBP,9396,21975.92,1586.86,27.7
26/07/2020,GBP,8532,21011.86,1406.76,29.88
27/07/2020,GBP,11666,27847.98,2019.76,27.58
28/07/2020,GBP,10316,21600.96,1707,25.3
29/07/2020,GBP,10718,20925.1,1775.76,23.56
30/07/2020,GBP,10566,20560.7,1676.74,24.52
31/07/2020,GBP,10452,19108.74,1621.32,23.58
01/08/2020,GBP,11582,19197.72,1498,25.64
02/08/2020,GBP,11328,19672.88,1318,29.86
03/08/2020,GBP,12664,25691.44,1758.08,29.22
04/08/2020,GBP,12058,24677.52,1784.56,27.66
05/08/2020,GBP,14288,26905.3,2087.34,25.78
06/08/2020,GBP,15982,27238.86,1927.08,28.26
07/08/2020,GBP,14194,23398.44,1861.34,25.14
08/08/2020,GBP,15340,21632.1,1744,24.8
09/08/2020,GBP,18152,22215.98,1869.6,23.76
10/08/2020,GBP,15240,27699.94,2259.62,24.52
11/08/2020,GBP,13860,27140.22,2202.92,24.64
12/08/2020,GBP,13386,26267.06,2140.34,24.54
13/08/2020,GBP,13206,27905.2,1915.32,29.14
14/08/2020,GBP,12348,25836.54,1840.42,28.08
15/08/2020,GBP,12084,23221.38,1990.92,23.32
16/08/2020,GBP,12966,24323.12,1872.64,25.98
17/08/2020,GBP,14844,30152.26,2564.56,23.52
18/08/2020,GBP,15260,29824.68,2577.86,23.14
19/08/2020,GBP,14514,30373.26,2345,25.9
20/08/2020,GBP,13574,26756.92,2516.02,21.26
21/08/2020,GBP,13712,26456.96,2174.84,24.34
22/08/2020,GBP,11898,21709.62,2074.66,20.92
23/08/2020,GBP,11690,22684.48,2298.24,19.74
24/08/2020,GBP,13274,27774.88,2583.86,21.5
25/08/2020,GBP,14462,30212.9,2927.76,20.64
26/08/2020,GBP,15332,27715.12,2711.4,20.44
27/08/2020,GBP,13764,27254.7,2330.36,23.4
28/08/2020,GBP,12718,24651.36,1979.66,24.9
29/08/2020,GBP,10756,19055.74,1886.08,20.2
30/08/2020,GBP,9998,18406.88,1846.7,19.94
31/08/2020,GBP,9294,18388.48,1820.7,20.2
01/09/2020,GBP,14000,26558.84,2801.4,18.96
02/09/2020,GBP,12296,23612.76,2047.38,23.06
03/09/2020,GBP,12436,27880.8,2391.3,23.32
04/09/2020,GBP,11256,27031.68,2320.42,23.3
05/09/2020,GBP,9248,20592.1,1712.08,24.06
06/09/2020,GBP,10034,21441.2,1939.66,22.1
07/09/2020,GBP,13612,30111.68,2547,23.64
08/09/2020,GBP,13278,28057.38,2635.38,21.3
09/09/2020,GBP,12710,28881.98,2448.16,23.6
10/09/2020,GBP,11682,29351.2,2434.76,24.12
11/09/2020,GBP,10484,26100.68,2099.36,24.86
12/09/2020,GBP,10378,23681.7,1929,24.56
13/09/2020,GBP,11462,23727.82,2095.94,22.64
14/09/2020,GBP,11270,25996.58,2356.06,22.06
15/09/2020,GBP,10736,27507.08,1933.68,28.46
16/09/2020,GBP,11328,30249.36,2325.48,26.02
17/09/2020,GBP,10182,27372.04,2196.3,24.92
18/09/2020,GBP,9486,24934.54,2108.36,23.66
19/09/2020,GBP,9174,22597.12,2183.36,20.7
20/09/2020,GBP,9218,22712.44,2331.8,19.48
21/09/2020,GBP,10774,28731.88,2745.48,20.94
22/09/2020,GBP,9926,25372,2297.22,22.08
23/09/2020,GBP,10770,31262.6,2817.34,22.2
24/09/2020,GBP,10876,31460.78,2666.8,23.6
25/09/2020,GBP,9732,27144.1,2511.8,21.62
26/09/2020,GBP,9530,24375.04,2290.68,21.28
27/09/2020,GBP,9860,24215.14,2723.9,17.78
28/09/2020,GBP,13896,29473.56,2636.96,22.36
29/09/2020,GBP,14238,32219.82,3172.88,20.3
30/09/2020,GBP,14924,31894.32,3095.88,20.6
01/10/2020,GBP,14654,30764.66,3141.74,19.58
02/10/2020,GBP,16358,31314.74,3360.74,18.64
03/10/2020,GBP,16442,27693.72,3099.54,17.86
04/10/2020,GBP,18658,29567.72,3595.32,16.44
05/10/2020,GBP,18582,36857.88,4202.64,17.54
06/10/2020,GBP,19390,40074.04,4080.02,19.64
07/10/2020,GBP,17250,41493.42,3854.6,21.52
08/10/2020,GBP,16890,40041.38,3857.68,20.76
09/10/2020,GBP,18406,38001,3670.76,20.7
10/10/2020,GBP,18230,35295.96,3346.32,21.1
11/10/2020,GBP,19294,33848.3,3688.28,18.36
12/10/2020,GBP,22468,42967.52,5082.36,16.9
13/10/2020,GBP,23068,44650.36,4981.4,17.92
14/10/2020,GBP,21534,37983.84,4217.58,18.02
15/10/2020,GBP,20306,36881.1,4043.82,18.24
16/10/2020,GBP,20034,39878.22,3913.88,20.38
17/10/2020,GBP,23614,45145.98,4143.54,21.8
18/10/2020,GBP,22020,36787.22,3944.94,18.66
19/10/2020,GBP,25984,47580.96,5076.02,18.74
20/10/2020,GBP,24030,47721.34,5017.8,19.02
21/10/2020,GBP,23370,46218.72,5000.84,18.48
22/10/2020,GBP,21224,43937.72,4715.7,18.64
23/10/2020,GBP,21176,40462.36,4373.96,18.5
24/10/2020,GBP,21540,37935.3,4164.16,18.22
25/10/2020,GBP,20540,38669.42,4819.54,16.04
26/10/2020,GBP,22250,45193.06,5160.7,17.52
27/10/2020,GBP,21702,49535.2,5486.44,18.06
28/10/2020,GBP,21046,45318.16,5101.24,17.76
29/10/2020,GBP,20676,42145.2,4279.62,19.7
30/10/2020,GBP,21234,46010.78,4661.96,19.74
31/10/2020,GBP,18944,37888.38,4168.02,18.18
01/11/2020,GBP,25676,42489.78,4884.98,17.4
02/11/2020,GBP,23398,45790.46,4844.34,18.9
03/11/2020,GBP,22286,47359.64,4800.08,19.74
04/11/2020,GBP,20388,44792.32,4527.48,19.78
05/11/2020,GBP,20566,45772.9,5110.48,17.92
06/11/2020,GBP,17186,34858.12,4048.42,17.22
07/11/2020,GBP,16408,30329.1,3854.44,15.74
08/11/2020,GBP,19886,30980.16,4226.82,14.66
09/11/2020,GBP,23526,40774.8,4625.86,17.62
10/11/2020,GBP,21822,39991.22,4330.12,18.48
11/11/2020,GBP,15094,29471.18,3896.56,15.12
12/11/2020,GBP,13822,29178.7,3577.7,16.32
13/11/2020,GBP,14540,28171.86,5181.48,10.88
14/11/2020,GBP,15096,27831.42,4945.52,11.26
15/11/2020,GBP,16870,28130.98,5297.78,10.62
16/11/2020,GBP,17394,31352.9,6026.36,10.4
17/11/2020,GBP,16258,28476.98,5576.44,10.22
18/11/2020,GBP,14680,28852.32,5379.34,10.72
19/11/2020,GBP,13086,28164.38,4775.14,11.8
20/11/2020,GBP,12734,27698.66,4618.56,12
21/11/2020,GBP,13608,26068.24,4473.8,11.66
22/11/2020,GBP,16784,26051.9,4480.4,11.62
23/11/2020,GBP,16514,26984.04,5010.72,10.78
24/11/2020,GBP,14686,28463,5057.58,11.26
25/11/2020,GBP,13764,28280.04,4698.46,12.04
26/11/2020,GBP,5396,12129.02,2442.46,9.94
27/11/2020,GBP,2712,4805.98,1306.96,7.36
28/11/2020,GBP,2152,4181.42,1016.9,8.22
29/11/2020,GBP,2498,4294.66,1258.84,6.82
30/11/2020,GBP,2888,4557.96,1397.22,6.52
01/12/2020,GBP,3148,5048.76,1654.66,6.1
02/12/2020,GBP,2858,4659.28,1476.54,6.32
03/12/2020,GBP,3106,4631.06,1498.04,6.18
04/12/2020,GBP,2638,4123.88,1332.52,6.18
05/12/2020,GBP,2636,4166.16,1348.26,6.18
06/12/2020,GBP,2790,4252.16,1435.68,5.92
07/12/2020,GBP,2976,4626.66,1469.46,6.3
08/12/2020,GBP,2938,4585.7,1451.72,6.32
09/12/2020,GBP,2782,4366.34,1331.24,6.56
10/12/2020,GBP,2604,4228.84,1149.62,7.36
11/12/2020,GBP,2608,4030.66,1182.96,6.82
12/12/2020,GBP,2408,3793.18,1171.96,6.48
13/12/2020,GBP,2492,3914.04,1242,6.3
14/12/2020,GBP,2702,4152.32,1272.52,6.52
15/12/2020,GBP,2574,4016.28,1283.94,6.26
16/12/2020,GBP,2766,4342.64,1358.64,6.4
17/12/2020,GBP,2768,4304.8,1304.08,6.6
18/12/2020,GBP,2578,4078.68,1167,7
19/12/2020,GBP,2520,3911,1199.9,6.52
20/12/2020,GBP,2142,3553.68,998.26,7.12
21/12/2020,GBP,2164,3783.32,1218.66,6.2
22/12/2020,GBP,2330,3607.68,1119,6.44
23/12/2020,GBP,2196,3517.48,951,7.4
24/12/2020,GBP,1976,3306.74,744.04,8.88
25/12/2020,GBP,2050,3249.58,780,8.34
26/12/2020,GBP,2134,3390.26,878.76,7.72
27/12/2020,GBP,2402,3564.84,1148.6,6.2
28/12/2020,GBP,3268,5010.84,1620.66,6.18
29/12/2020,GBP,3978,7666.04,1862.52,8.24
30/12/2020,GBP,4486,8601.24,1761.64,9.76
31/12/2020,GBP,3642,7345.56,1287.04,11.42
01/01/2021,GBP,4438,7769.6,1528.04,10.16
02/01/2021,GBP,5714,9344.58,2119.96,8.82
03/01/2021,GBP,6084,9518.74,2178.06,8.74
04/01/2021,GBP,7324,13256.66,2612.12,10.16
05/01/2021,GBP,7824,14247.64,2673.08,10.66
06/01/2021,GBP,8132,14172.04,2825.16,10.04
07/01/2021,GBP,8142,15730.68,2722.18,11.56
08/01/2021,GBP,7146,13908,2492.12,11.16
09/01/2021,GBP,7408,14368.62,2164.1,13.28
10/01/2021,GBP,7408,13414.16,2373.3,11.3
11/01/2021,GBP,8310,17473.26,3213.1,10.88
12/01/2021,GBP,8652,16698.6,2844.6,11.74
13/01/2021,GBP,8886,17530.44,3126.86,11.22
14/01/2021,GBP,9114,18256.02,3331.32,10.96
15/01/2021,GBP,9240,16901.18,2967.72,11.4
16/01/2021,GBP,9006,16332.02,2996.24,10.9
17/01/2021,GBP,8490,17434.9,2978.24,11.7
18/01/2021,GBP,9198,18864.04,3645.92,10.34
19/01/2021,GBP,8738,18340.9,3684.38,9.96
20/01/2021,GBP,9132,19040.78,3304.68,11.52
21/01/2021,GBP,8716,18969.82,3589.08,10.58
22/01/2021,GBP,9418,18747.44,3355.74,11.18
23/01/2021,GBP,9318,18078.06,2985.42,12.12
24/01/2021,GBP,9738,18015.44,3090.34,11.66
25/01/2021,GBP,9828,21130.9,3630.14,11.64
26/01/2021,GBP,9550,21480.96,3846.78,11.16
27/01/2021,GBP,8884,21106.8,3916.28,10.78
28/01/2021,GBP,8362,21457.42,3505.34,12.24
29/01/2021,GBP,8336,21493.24,3355.62,12.82
30/01/2021,GBP,8786,19776.86,2886.98,13.7
31/01/2021,GBP,11160,19640.68,3394.9,11.58
01/02/2021,GBP,13168,24887.18,3678.66,13.54
02/02/2021,GBP,10600,24012.26,3440.96,13.96
03/02/2021,GBP,11266,25787.58,3652.44,14.12
04/02/2021,GBP,11894,25255.02,3813.74,13.24
05/02/2021,GBP,11270,22181.2,3208.54,13.82
06/02/2021,GBP,14240,19528.18,3191.32,12.24
07/02/2021,GBP,15292,19419.7,3125.8,12.42
08/02/2021,GBP,13684,21073.06,3703.06,11.38
09/02/2021,GBP,10724,20725.86,3221.24,12.86
10/02/2021,GBP,9546,20328.26,3124.52,13.02
11/02/2021,GBP,9510,19866.04,3184,12.48
12/02/2021,GBP,7582,15593.94,2524.2,12.36
13/02/2021,GBP,8706,15591.44,2519.22,12.38
14/02/2021,GBP,8982,14978.44,2833.02,10.58
15/02/2021,GBP,10326,14169.42,2980.96,9.5
16/02/2021,GBP,7886,12933.86,2856.38,9.06
17/02/2021,GBP,6990,12046.5,2585.28,9.32
18/02/2021,GBP,6294,10927.18,2255.9,9.68
19/02/2021,GBP,6068,10445.94,2281.24,9.16
20/02/2021,GBP,5626,10373.9,1942.56,10.68
21/02/2021,GBP,5684,10479.58,2279.94,9.2
22/02/2021,GBP,5594,10095.22,2364.68,8.54
23/02/2021,GBP,5040,9686.04,2096.32,9.24
24/02/2021,GBP,5208,10893,2466.14,8.84
25/02/2021,GBP,5510,11419.14,2551.84,8.94
26/02/2021,GBP,4746,10678.28,1875.02,11.4
27/02/2021,GBP,4582,9500.36,1829.32,10.38
28/02/2021,GBP,4472,9026.92,2127.88,8.48
